<?xml version="1.0" encoding="UTF-8" standalone="yes"?>
<addon id="docker.linuxserver.beets"
       name="Beets (LinuxServer.io)"
       version="2.0.2"
       provider-name="LinuxServer.io">
  <requires>
    <import addon="service.system.docker" version="0.0.0" />
    <import addon="docker.linuxserver.updater" version="0.0.0"/>
  </requires>
  <extension point="xbmc.service" library="default.py">
    <provides></provides>
  </extension>
  <extension point="xbmc.addon.metadata">
    <summary>Beets in a docker container</summary>
    <description>
Beets is a music library manager and not, for the most part, a music player. It does include a simple player plugin and an experimental Web-based player, but it generally leaves actual sound-reproduction to specialized tools.

This is a docker container brought to you by the LinuxServer.io team.
Please visit https://linuxserver.io for more information.
    </description>
    <disclaimer>
    </disclaimer>
    <news>
docker.linuxserver.beets:
-------------------------

2.0.2
- Update systemd to not delay Kodi start

2.0.1
- Remove LibreELEC dependency

2.0.0
- Kodi Matrix compatibility

1.1.0
- Switch to multi-arch image
- Improve chown logic for data folders

1.0.7
- Support *elec

1.0.6
- Use the updater addon for image updates
- Faster start on boot
- Enable aarch64 image
- Enable direct communication between containers

1.0.5
- Wait for network

1.0.4
- Fix timezone bug

1.0.3
- Add aarch64 support

1.0.2
- Fix port mapping typo

1.0.1
- Run as user nobody

1.0.0
- Initial release
    </news>
    <platform>all</platform>
    <website>http://linuxserver.io/</website>
    <assets>
        <icon>icon.png</icon>
        <fanart>fanart.jpg</fanart>
    </assets>
  </extension>
</addon>
