<?xml version="1.0" encoding="UTF-8" standalone="yes"?>
<addon id="docker.linuxserver.heimdall"
       name="Heimdall (LinuxServer.io)"
       version="2.0.2"
       provider-name="LinuxServer.io">
  <requires>
    <import addon="service.system.docker" version="0.0.0" />
    <import addon="docker.linuxserver.updater" version="0.0.0"/>
  </requires>
  <extension point="xbmc.service" library="default.py">
    <provides></provides>
  </extension>
  <extension point="xbmc.addon.metadata">
    <summary>Heimdall landing page in a docker container</summary>
    <description>
Heimdall is a way to organise all those links to your most used web sites and web applications in a simple way. Simplicity is the key to Heimdall. Why not use it as your browser start page? It even has the ability to include a search bar using either Google, Bing or DuckDuckGo.

This is a docker container brought to you by the LinuxServer.io team.
Please visit https://linuxserver.io for more information.
    </description>
    <disclaimer>
    </disclaimer>
    <news>
docker.linuxserver.heimdall:
-------------------------

2.0.2
- Update systemd to not delay Kodi start

2.0.1
- Remove LibreELEC dependency

2.0.0
- Kodi Matrix compatibility

1.0.0
- Initial release
    </news>
    <platform>all</platform>
    <website>http://linuxserver.io/</website>
    <assets>
        <icon>icon.png</icon>
        <fanart>fanart.jpg</fanart>
    </assets>
  </extension>
</addon>
