<settings>
    <setting id="V_config"       value="/storage/.kodi/userdata/addon_data/docker.linuxserver.jellyfin" />
    <setting id="P_port"         value="8096" />
    <setting id="E_net_host"     value="false" />
    <setting id="V_data_movies"  value="/storage/videos" />
    <setting id="V_data_tvshows" value="/storage/tvshows" />
    <setting id="E_additional"   value="" />
    <setting id="E_beta"         value="false" />
    <setting id="E_manual_uid"   value="false" />
    <setting id="E_PUID"         value="65534" />
    <setting id="E_PGID"         value="100" />
</settings>
