<?xml version="1.0" encoding="UTF-8" standalone="yes"?>
<addon id="docker.linuxserver.pi-hole"
       name="Pi-hole (LinuxServer.io)"
       version="1.0.0"
       provider-name="LinuxServer.io">
  <requires>
    <import addon="os.libreelec.tv" version="7.0"/>
    <import addon="xbmc.python" version="2.1.0"/>
    <import addon="service.system.docker" version="0.0.0" />
    <import addon="docker.linuxserver.updater" version="0.0.0"/>
  </requires>
  <extension point="xbmc.service" library="default.py">
    <provides></provides>
  </extension>
  <extension point="xbmc.addon.metadata">
    <summary>Pi-hole in a docker container</summary>
    <description>
The Pi-hole is a DNS sinkhole that protects your devices from unwanted content, without installing any client-side software.

On initial install, enter an admin password. Port 53 must be open.
By default only IPv4 is enabled. IPv6 can be enabled in addon settings.
Server LAN IPs are autodetected, but can be overridden by manual entry in addon settings.

This is a docker addon brought to you by the LinuxServer.io team.
Please visit https://linuxserver.io for more information.
    </description>
    <disclaimer>
    </disclaimer>
    <news>
docker.linuxserver.pi-hole:
-------------------------

1.0.0
- Initial release
    </news>
    <platform>all</platform>
    <website>http://linuxserver.io/</website>
    <assets>
        <icon>icon.png</icon>
        <fanart>fanart.jpg</fanart>
    </assets>
  </extension>
</addon>
