<?xml version="1.0" encoding="UTF-8" standalone="yes"?>
<addon id="docker.linuxserver.duplicati"
       name="Duplicati (LinuxServer.io)"
       version="2.0.0"
       provider-name="LinuxServer.io">
  <requires>
    <import addon="os.libreelec.tv" version="7.0"/>
    <import addon="service.system.docker" version="0.0.0" />
    <import addon="docker.linuxserver.updater" version="0.0.0"/>
  </requires>
  <extension point="xbmc.service" library="default.py">
    <provides></provides>
  </extension>
  <extension point="xbmc.addon.metadata">
    <summary>Duplicati in a docker container</summary>
    <description>
Duplicati works with standard protocols like FTP, SSH, WebDAV as well as popular services like Microsoft OneDrive, Amazon Cloud Drive and S3, Google Drive, box.com, Mega, hubiC and many others.

This is a docker container brought to you by the LinuxServer.io team.
Please visit https://linuxserver.io for more information.
    </description>
    <disclaimer>
    </disclaimer>
    <news>
docker.linuxserver.duplicati:
-----------------------------

2.0.0
- Kodi Matrix compatibility

1.1.1
- Fix typo in source location setting

1.1.0
- Add support for additional docker arguments
- Improve chown logic for data folders

1.0.3
- Switch to multi-arch images

1.0.2
- Support *elec

1.0.1
- Use updater addon to update images
- Faster start on boot
- Enable direct communication between containers

1.0.0
- Initial release
    </news>
    <platform>all</platform>
    <website>http://linuxserver.io/</website>
    <assets>
        <icon>icon.png</icon>
        <fanart>fanart.jpg</fanart>
    </assets>
  </extension>
</addon>
