<?xml version="1.0" encoding="UTF-8" standalone="yes"?>
<addon id="docker.linuxserver.swag"
       name="SWAG - Secure Web Application Gateway (LinuxServer.io)"
       version="1.1.1"
       provider-name="LinuxServer.io">
  <requires>
    <import addon="service.system.docker" version="0.0.0" />
    <import addon="docker.linuxserver.updater" version="0.0.0"/>
  </requires>
  <extension point="xbmc.service" library="default.py">
    <provides></provides>
  </extension>
  <extension point="xbmc.addon.metadata">
    <summary>Nginx/PHP/Certbot/Fail2Ban in a docker container</summary>
    <description>
SWAG (Secure Web Application Gateway) sets up an Nginx webserver and reverse proxy with php support and a built-in certbot client that automates free SSL server certificate generation and renewal processes. It also contains fail2ban for intrusion prevention.

***Port 443 on the router has to be forwarded to this machine.
***Port 80 on the router has to be forwarded to this machine if using http validation.

For dns validation, go to the config folder and edit the relevant ini/json file under /config/dns-conf with your settings

This is a docker container brought to you by the LinuxServer.io team.
Please visit https://linuxserver.io for more information.
    </description>
    <disclaimer>
    </disclaimer>
    <news>
docker.linuxserver.swag:
-------------------------------

1.1.1
- Add support for additional docker arguments

1.1.0
- Add option for using ZeroSSL instead of LetsEncrypt (requires e-mail set)
- Add MaxMinDB license key (optional, needed for GeoIP)
- Add directadmin, hetzner and vultr dns validation options

1.0.1
- Add gehirn, njalla and sakuracloud dns validation options
- Fix container name

1.0.0
- Initial release
    </news>
    <platform>all</platform>
    <website>http://linuxserver.io/</website>
    <assets>
        <icon>icon.png</icon>
        <fanart>fanart.jpg</fanart>
    </assets>
  </extension>
</addon>
