<?xml version="1.0" encoding="UTF-8" standalone="yes"?>
<addon id="docker.linuxserver.mariadb"
       name="MariaDB (LinuxServer.io)"
       version="1.1.1"
       provider-name="LinuxServer.io">
  <requires>
    <import addon="os.libreelec.tv" version="7.0"/>
    <import addon="xbmc.python" version="2.1.0"/>
    <import addon="service.system.docker" version="0.0.0" />
    <import addon="docker.linuxserver.updater" version="0.0.0"/>
  </requires>
  <extension point="xbmc.service" library="default.py">
    <provides></provides>
  </extension>
  <extension point="xbmc.addon.metadata">
    <summary>MariaDB in a docker container</summary>
    <description>
MariaDB is one of the most popular database servers. Made by the original developers of MySQL.

During first install, or new database creation the addon settings window will be opened and you will have to set a root password.
Container will not be created until a root password is set.
Changing the root password later through addon settings won't have any effect. But you can change it through the mysql interface.

This is a docker container brought to you by the LinuxServer.io team.
Please visit https://linuxserver.io for more information.
    </description>
    <disclaimer>
    </disclaimer>
    <news>
docker.linuxserver.mariadb:
---------------------------

1.1.1
- Allow new database and user creation via settings (only during first start with no existing data)

1.1.0
- Switch to multi-arch builds
- Fix opening settings window on first install

1.0.11
- Support *elec

1.0.10
- Enable required root password during database creation
- Remove mysql for kodi library option as it no longer delays kodi start

1.0.9
- Clean up stale images in case prune fails
- Enable aarch64 image

1.0.8
- Fix cron entry

1.0.7
- Add network-alias for intercontainer communication

1.0.6
- Use the new docker image updater for image updates (faster startup on boot)
- Use the custom lsio docker network for intercontainer communication via containername as hostname

1.0.5
- Wait for network

1.0.4
- Add support for kodi library on the same machine

1.0.3
- Fix timezone bug

1.0.2
- Added aarch64 support

1.0.1
- Change user to nobody

1.0.0
- Initial release
    </news>
    <platform>all</platform>
    <website>http://linuxserver.io/</website>
    <assets>
        <icon>icon.png</icon>
        <fanart>fanart.jpg</fanart>
    </assets>
  </extension>
</addon>
