<?xml version="1.0" encoding="UTF-8" standalone="yes"?>
<addon id="docker.linuxserver.znc"
       name="ZNC (LinuxServer.io)"
       version="2.0.2"
       provider-name="LinuxServer.io">
  <requires>
    <import addon="service.system.docker" version="0.0.0" />
    <import addon="docker.linuxserver.updater" version="0.0.0"/>
  </requires>
  <extension point="xbmc.service" library="default.py">
    <provides></provides>
  </extension>
  <extension point="xbmc.addon.metadata">
    <summary>ZNC in a docker container</summary>
    <description>
ZNC is an IRC network bouncer or BNC. It can detach the client from the actual IRC server, and also from selected channels. Multiple clients from different locations can connect to a single ZNC account simultaneously and therefore appear under the same nickname on IRC.

***Default username:password are admin:admin (Change password ASAP)

This is a docker container brought to you by the LinuxServer.io team.
Please visit https://linuxserver.io for more information.
    </description>
    <disclaimer>
    </disclaimer>
    <news>
docker.linuxserver.znc:
-----------------------

2.0.2
- Update systemd to not delay Kodi start

2.0.1
- Remove LibreELEC dependency

2.0.0
- Kodi Matrix compatibility

1.1.0
- Switch to multi-arch

1.0.6
- Support *elec

1.0.5
- Use updater addon for image updates
- Faster start on boot
- Enable aarch64 build
- Enable direct communication between containers

1.0.4
- Wait for network

1.0.3
- Fix timezone bug

1.0.2
- Added aarch64 support

1.0.1
- Fix default settings

1.0.0
- Initial release
    </news>
    <platform>all</platform>
    <website>http://linuxserver.io/</website>
    <assets>
        <icon>icon.png</icon>
        <fanart>fanart.jpg</fanart>
    </assets>
  </extension>
</addon>
