<?xml version="1.0" encoding="UTF-8" standalone="yes"?>
<addon id="docker.linuxserver.nginx"
       name="Nginx (LinuxServer.io)"
       version="1.0.5"
       provider-name="LinuxServer.io">
  <requires>
    <import addon="os.libreelec.tv" version="7.0"/>
    <import addon="xbmc.python" version="2.1.0"/>
    <import addon="service.system.docker" version="0.0.0" />
    <import addon="docker.linuxserver.updater" version="0.0.0"/>
  </requires>
  <extension point="xbmc.service" library="default.py">
    <provides></provides>
  </extension>
  <extension point="xbmc.addon.metadata">
    <summary>Nginx webserver in a docker container</summary>
    <description>
This container sets up an Nginx webserver and reverse proxy with ssl(self-signed) and php support. The config and web files reside on the /config folder mapping.

It is best paired with the MariaDB docker addon.

This is a docker container brought to you by the LinuxServer.io team.
Please visit https://linuxserver.io for more information.
    </description>
    <disclaimer>
    </disclaimer>
    <news>
docker.linuxserver.nginx:
-------------------------

1.0.5
- Switch to multi-arch images

1.0.4
- Support *elec

1.0.3
- Use updater addon for image updates
- Faster start on boot
- Enable aarch64 build
- Enable direct communication between containers

1.0.2
- Change repo for armhf

1.0.1
- Wait for network

1.0.0
- Initial release
    </news>
    <platform>all</platform>
    <website>http://linuxserver.io/</website>
    <assets>
        <icon>icon.png</icon>
        <fanart>fanart.jpg</fanart>
    </assets>
  </extension>
</addon>
