<?xml version="1.0" encoding="UTF-8" standalone="yes"?>
<addon id="docker.linuxserver.resilio-sync"
       name="Resilio Sync (LinuxServer.io)"
       version="2.0.2"
       provider-name="LinuxServer.io">
  <requires>
    <import addon="service.system.docker" version="0.0.0" />
    <import addon="docker.linuxserver.updater" version="0.0.0"/>
  </requires>
  <extension point="xbmc.service" library="default.py">
    <provides></provides>
  </extension>
  <extension point="xbmc.addon.metadata">
    <summary>Resilio Sync in a docker container</summary>
    <description>
Resilio Sync (formerly BitTorrent Sync) uses the BitTorrent protocol to sync files and folders between all of your devices. There are both free and paid versions, this container supports both. There is an official sync image but we created this one as it supports user mapping to simplify permissions for volumes.

This is a docker container brought to you by the LinuxServer.io team.
Please visit https://linuxserver.io for more information.
    </description>
    <disclaimer>
    </disclaimer>
    <news>
docker.linuxserver.resilio-sync:
--------------------------------

2.0.2
- Update systemd to not delay Kodi start

2.0.1
- Remove LibreELEC dependency

2.0.0
- Kodi Matrix compatibility

1.1.0
- Switch to multi-arch image
- Improve chown logic

1.0.6
- Support *elec

1.0.5
- Use updater addon for image updates
- Faster start on boot
- Enable direct communication between containers

1.0.4
- Wait for network

1.0.3
- Fix timezone bug

1.0.2
- Added aarch64 support

1.0.1
- Run as user nobody

1.0.0
- Initial release
    </news>
    <platform>all</platform>
    <website>http://linuxserver.io/</website>
    <assets>
        <icon>icon.png</icon>
        <fanart>fanart.jpg</fanart>
    </assets>
  </extension>
</addon>
