<?xml version="1.0" encoding="UTF-8" standalone="yes"?>
<addon id="docker.linuxserver.jellyfin"
       name="Jellyfin (LinuxServer.io)"
       version="1.1.2"
       provider-name="LinuxServer.io">
  <requires>
    <import addon="os.libreelec.tv" version="7.0"/>
    <import addon="xbmc.python" version="2.1.0"/>
    <import addon="service.system.docker" version="0.0.0" />
    <import addon="docker.linuxserver.updater" version="0.0.0"/>
  </requires>
  <extension point="xbmc.service" library="default.py">
    <provides></provides>
  </extension>
  <extension point="xbmc.addon.metadata">
    <summary>Jellyfin as a Docker container</summary>
    <description>
Jellyfin is a Free Software Media System that puts you in control of managing and streaming your media. It is an alternative to the proprietary Emby and Plex, to provide media from a dedicated server to end-user devices via multiple apps.

Please visit https://linuxserver.io for more info on this image and addon.
    </description>
    <disclaimer>
    </disclaimer>
    <news>
docker.linuxserver.jellyfin:
------------------------

1.1.2
- Enable hardware decode of h264 on Raspberry Pi (enabled in the gui via OpenMax H264 decode)

1.1.1
- Fix image updates for betas

1.1.0
- Add nightly builds as an option
- Enable V4L2 for hw transcoding on Raspberry Pi
- Remove settings for vaapi and openmax, auto detect instead
- Add uid/gid override for remote mount users (0/root is not supported)

1.0.2
- Fix uid/gid
- Add host networking option (for dlna)

1.0.1
- Fix openmax detection

1.0.0
- Initial release
    </news>
    <platform>all</platform>
    <website>http://linuxserver.io/</website>
    <assets>
        <icon>icon.png</icon>
        <fanart>fanart.jpg</fanart>
    </assets>
  </extension>
</addon>
