<?xml version="1.0" encoding="UTF-8" standalone="yes"?>
<addon id="docker.linuxserver.photoshow"
       name="Photoshow (LinuxServer.io)"
       version="1.0.4"
       provider-name="LinuxServer.io">
  <requires>
    <import addon="os.libreelec.tv" version="7.0"/>
    <import addon="xbmc.python" version="2.1.0"/>
    <import addon="service.system.docker" version="0.0.0" />
    <import addon="docker.linuxserver.updater" version="0.0.0"/>
  </requires>
  <extension point="xbmc.service" library="default.py">
    <provides></provides>
  </extension>
  <extension point="xbmc.addon.metadata">
    <summary>Photoshow in a docker container</summary>
    <description>
Photoshow is gallery software at its easiest, it doesn't even require a database.

This is a docker container brought to you by the LinuxServer.io team.
Please visit https://linuxserver.io for more information.
    </description>
    <disclaimer>
    </disclaimer>
    <news>
docker.linuxserver.photoshow:
-----------------------------

1.0.4
- Use updater addon for image updates
- Faster start on boot
- Enable aarch64 build
- Enable direct communication between containers

1.0.3
- Wait for network

1.0.2
- Fix timezone bug

1.0.1
- Added aarch64 support

1.0.0
- Initial release
    </news>
    <platform>all</platform>
    <website>http://linuxserver.io/</website>
    <assets>
        <icon>icon.png</icon>
        <fanart>fanart.jpg</fanart>
    </assets>
  </extension>
</addon>
